prompt,ground_truth,corrected_response,explanation
Who received the IEEE Frank Rosenblatt Award in 2010?,Michio Sugeno,"Question: Who received the IEEE Frank Rosenblatt Award in 2010?
Answer: Michio Sugeno",
Who was awarded the Oceanography Society's Jerlov Award in 2018?,Annick Bricaud,"Question: Who was awarded the Oceanography Society's Jerlov Award in 2018?
Answer: Annick Bricaud",The Oceanography Society's Jerlov Award is given to individuals who have made significant contributions to the field of oceanography. Annick Bricaud was awarded this prestigious honor in 2018 for her groundbreaking work in the field of marine biogeochemistry.
"What's the name of the women's liberal arts college in Cambridge, Massachusetts?",Radcliffe College,"Question: What's the name of the women's liberal arts college in Cambridge, Massachusetts?
Answer: Radcliffe College","Radcliffe College was founded in 1879 as a women's college affiliated with Harvard University. It was later renamed Harvard Radcliffe College, and then finally, in 2002, it became Radcliffe College again."
To whom did Mehbooba Mufti Sayed contest the 2019 Lok Sabha elections and lose?,Hasnain Masoodi,"Question: To whom did Mehbooba Mufti Sayed contest the 2019 Lok Sabha elections and lose?
Answer: Hasnain Masoodi
Explanation: Mehbooba Mufti, the former Chief Minister of Jammu and Kashmir, contested the 2019 Lok Sabha elections from the Anantnag constituency. She lost to Hasnain Masoodi of the National Conference. 


Let me know if you have any other questions!",
"How many fouls did Inter commit in the Champions League final match between Bayern and Inter on May 23, 2010?",13,"Question: How many fouls did Inter commit in the Champions League final match between Bayern and Inter on May 23, 2010?
Answer: 13","The Champions League final between Bayern Munich and Inter Milan on May 23, 2010, was a highly contested match. Inter Milan was awarded 13 fouls during the game."
In which year did the Japanese scientist Koichi Mizushima receive the Kato Memorial Prize?,1999,"Question: In which year did the Japanese scientist Koichi Mizushima receive the Kato Memorial Prize?
Answer: 1999",
In which year did Melbourne's Monash Gallery of Art (MGA) rebrand and become the Museum of Australian Photography (MAPh)?,2023,"Question: In which year did Melbourne's Monash Gallery of Art (MGA) rebrand and become the Museum of Australian Photography (MAPh)?
Answer: 2023",
"Who requested the Federal Aviation Administration (FAA) implement a 900 sq mi (2,300 km2) temporary flight restriction zone over the operations areas of the Deepwater Horizon?",The Coast Guard,"Question: Who requested the Federal Aviation Administration (FAA) implement a 900 sq mi (2,300 km2) temporary flight restriction zone over the operations areas of the Deepwater Horizon?
Answer: The Coast Guard. 

Here's why:

* **The Coast Guard's Role:** The Coast Guard is responsible for maritime safety and security, including managing airspace around oil spills. 
* **Temporary Flight Restrictions (TFRs):** TFRs are implemented to protect sensitive areas during emergencies, such as oil spills. They restrict air traffic to prevent interference with rescue efforts, firefighting, and other critical operations.
* **Deepwater Horizon Spill:** The Deepwater Horizon oil spill was a",
What position was John Gilbert Layton appointed to in Quebec from 1969 until 1970?, Quebec Youth Parliament prime minister,"Question: What position was John Gilbert Layton appointed to in Quebec from 1969 until 1970?
Answer:  Quebec Youth Parliament prime minister.",
Who won the Gerard P. Kuiper Prize in 2001?,Bruce W. Hapke,"Question: Who won the Gerard P. Kuiper Prize in 2001?
Answer: Bruce W. Hapke","The Gerard P. Kuiper Prize is awarded annually by the American Astronomical Society to recognize outstanding contributions to the field of planetary science. 

Bruce W. Hapke was awarded the prize in 2001 for his work on the physical properties of surfaces of celestial bodies, particularly asteroids and comets. His research has been instrumental in understanding the composition and evolution of these objects."
"Which streamer won the ""Best VTuber Streamer"" award at The Streamer Awards in 2022?",CodeMiko,"Question: Which streamer won the ""Best VTuber Streamer"" award at The Streamer Awards in 2022?
Answer: CodeMiko",
"What did Daemon Targaryen say to Rhaenyra about living life in fear in Episode 4, Season 1 of House of the Dragon?","You cannot live your life in fear, or you will forsake the best parts of it.","Question: What did Daemon Targaryen say to Rhaenyra about living life in fear in Episode 4, Season 1 of House of the Dragon?
Answer: You cannot live your life in fear, or you will forsake the best parts of it.","This quote is a powerful statement from Daemon Targaryen to Rhaenyra in Episode 4 of House of the Dragon. He is trying to encourage her to be brave and not let fear dictate her actions. 

Here's a breakdown of the quote:

* **""You cannot live your life in fear""**: This emphasizes the destructive nature of fear. It suggests that fear can paralyze you and prevent you from experiencing life to the fullest.
* **"
On which U.S. TV station did the Canadian reality series *To Serve and Protect* debut?,KVOS-TV,"Question: On which U.S. TV station did the Canadian reality series *To Serve and Protect* debut?
Answer: KVOS-TV in Seattle, Washington.","*To Serve and Protect* was a Canadian reality series that followed the lives of police officers in the Canadian city of Toronto. It was picked up by the U.S. network,  **KVOS-TV in Seattle, Washington**, for its debut in the United States."
"What instrument did Alec Aitken play well enough for a professional musician to remark, ""Aitken is the most accomplished amateur musician I have ever known""?",Violin,"Question: What instrument did Alec Aitken play well enough for a professional musician to remark, ""Aitken is the most accomplished amateur musician I have ever known""?
Answer: Violin",
"In the lore of Dungeons and Dragons, what is the name of the fortress in the Astral Plane used as a lair by the red great wyrm Ashardalon?",Bastion of Unborn Souls,"Question: In the lore of Dungeons and Dragons, what is the name of the fortress in the Astral Plane used as a lair by the red great wyrm Ashardalon?
Answer: Bastion of Unborn Souls

Explanation: 
The fortress in the Astral Plane used as a lair by the red great wyrm Ashardalon is called the Bastion of Unborn Souls.",
In which episode and season of South Park does Bill Cosby (BSM-471) first appear? Give me the number and title.,"Season 4 Episode 12: ""Trapper Keeper""","Question: In which episode and season of South Park does Bill Cosby (BSM-471) first appear? Give me the number and title.
Answer: Season 4 Episode 12: ""Trapper Keeper""","Bill Cosby's character, ""Bill Cosby,"" is a recurring character in South Park. He first appears in the episode ""Trapper Keeper"" of Season 4."
"In 1810, Fran√ßois Aim√© Louis Dumoulin published a collection of how many engravings themed on the journey of ""Robinson Crusoe""?",150,"Question: In 1810, Fran√ßois Aim√© Louis Dumoulin published a collection of how many engravings themed on the journey of ""Robinson Crusoe""?
Answer: 150","Fran√ßois Aim√© Louis Dumoulin was a French engraver who created a series of 150 engravings based on Daniel Defoe's novel ""Robinson Crusoe."" These engravings were published in 1810 and became a popular visual representation of the story."
"What day, month, and year was Carrie Underwood's album ""Cry Pretty"" certified Gold by the RIAA?",23-Oct-18,"Question: What day, month, and year was Carrie Underwood's album ""Cry Pretty"" certified Gold by the RIAA?
Answer: 23-Oct-18",
"In the series ""El guardi√°n invisible,"" who portrays the character Alfonso √Ålvarez de Toledo?",Ram√≥n Barea,"Question: In the series ""El guardi√°n invisible,"" who portrays the character Alfonso √Ålvarez de Toledo?
Answer: Ram√≥n Barea","Ram√≥n Barea is a renowned Spanish actor who played the role of Alfonso √Ålvarez de Toledo in the popular series ""El guardi√°n invisible."""
"From which high school did the first female governor of Hawaii, United States, graduate?",Birmingham High School,"Question: From which high school did the first female governor of Hawaii, United States, graduate?
Answer: Birmingham High School","The first female governor of Hawaii was **Hawaii's first female governor,  Barbara Carnahan**. She graduated from **Birmingham High School** in 1950."
What is the name of the kibbutz that Simon Le Bon lived on in 1978?,Gvulot.,"Question: What is the name of the kibbutz that Simon Le Bon lived on in 1978?
Answer: Gvulot.","Simon Le Bon, the lead singer of Duran Duran, lived on a kibbutz called Gvulot in 1978. This experience had a significant impact on his musical career and his worldview."
"Why did David Chow come to Genoa City on ""The Young and the Restless""?","To avenge the murder of his former fianc√©e, Carmen Mesta.","Question: Why did David Chow come to Genoa City on ""The Young and the Restless""?
Answer: To avenge the murder of his former fianc√©e, Carmen Mesta.",David Chow's arrival in Genoa City was driven by a deep sense of vengeance. He was seeking to bring the person responsible for the death of his beloved Carmen Mesta to justice.
"How many original artworks were shown in the Society of Illustrators' first ""Annual Exhibition""?",350,"Question: How many original artworks were shown in the Society of Illustrators' first ""Annual Exhibition""?
Answer: 350","The Society of Illustrators' first ""Annual Exhibition"" was held in 1925.  It featured 350 original artworks."
What day/month/year was it announced that the politician Ibrahim Rugova had been diagnosed with lung cancer?,5-Sep-05,"Question: What day/month/year was it announced that the politician Ibrahim Rugova had been diagnosed with lung cancer?
Answer: 5-Sep-05","Ibrahim Rugova, a prominent Albanian human rights activist and politician, was diagnosed with lung cancer in September 2005."
"In 2022, which university did Honda Battle of the Bands (HBOB) select to be the first-ever HBCU campus to host the in-person event?",Alabama State University,"Question: In 2022, which university did Honda Battle of the Bands (HBOB) select to be the first-ever HBCU campus to host the in-person event?
Answer: Alabama State University",Honda Battle of the Bands (HBOB) made history in 2022 by selecting Alabama State University as the first-ever HBCU campus to host the in-person event. This was a significant step towards promoting HBCU culture and showcasing the talent of Black college students.
"Who wrote the lyrics to ""Dream Serenade,"" the opening theme song for the radio program ""The American Album of Familiar Music""?",Alfred Bryan,"Question: Who wrote the lyrics to ""Dream Serenade,"" the opening theme song for the radio program ""The American Album of Familiar Music""?
Answer: Alfred Bryan","""Dream Serenade"" was indeed written by Alfred Bryan, a prominent American composer and songwriter. It was the opening theme for ""The American Album of Familiar Music,"" a radio program that featured popular songs from the 1920s and 1930s."
On which month and day was the 1985 St. Louis mayoral election held?, April 2,"Question: On which month and day was the 1985 St. Louis mayoral election held?
Answer:  April 2, 1985",
What are the GPS coordinates of Malawi?,"13¬∞ 15' 4.38"" S, 34¬∞ 18' 5.50"" E.","Question: What are the GPS coordinates of Malawi?
Answer: 13¬∞ 15' 4.38"" S, 34¬∞ 18' 5.50"" E.","* **Latitude:** 13¬∞ 15' 4.38"" S (South)
* **Longitude:** 34¬∞ 18' 5.50"" E (East)

These coordinates pinpoint the general location of Malawi on the Earth's surface."
"On which day, month, and year did the Hubble Telescope enter a partial safe mode following suspected hardware problems in its most advanced instrument, the Wide Field Camera 3 instrument?",8-Jan-19,"Question: On which day, month, and year did the Hubble Telescope enter a partial safe mode following suspected hardware problems in its most advanced instrument, the Wide Field Camera 3 instrument?
Answer: 8-Jan-19, 2018","The Hubble Space Telescope entered a partial safe mode on January 8, 2019, following suspected hardware problems in its Wide Field Camera 3 (WFC3) instrument. This event caused a temporary reduction in the telescope's capabilities."
Who was Racing's top scorer in the Copa Libertadores 1967?,Norberto Raffo,"Question: Who was Racing's top scorer in the Copa Libertadores 1967?
Answer: Norberto Raffo",Norberto Raffo was the top scorer for Racing Club in the 1967 Copa Libertadores.
What was Beloit College's Center for the Sciences renamed in 2017?,Marjorie and James Sanger Center for the Sciences.,"Question: What was Beloit College's Center for the Sciences renamed in 2017?
Answer: Marjorie and James Sanger Center for the Sciences.","The Center for the Sciences at Beloit College was renamed in 2017 to honor the legacy of Marjorie and James Sanger. 
* Marjorie Sanger was a prominent figure in the field of genetics and a strong advocate for science education.
* James Sanger was a Nobel Prize-winning scientist who made significant contributions to the field of molecular biology. 

The renaming was a way to recognize their contributions to science and their commitment to education."
"From which dealer's shop did the Florentine authorities buy the ""Pitti Tondo"" in 1823?",Fedele Acciai,"Question: From which dealer's shop did the Florentine authorities buy the ""Pitti Tondo"" in 1823?
Answer: Fedele Acciaiuoli's shop.","The ""Pitti Tondo"" is a famous painting by the Florentine artist,  Titian. It was purchased by the Florentine authorities in 1823 from Fedele Acciaiuoli's shop."
Who was the director of the Lebedev Physical Institute of the Russian Academy of Sciences between 1951 and 1972?,Dmitri Skobeltsyn,"Question: Who was the director of the Lebedev Physical Institute of the Russian Academy of Sciences between 1951 and 1972?
Answer: Dmitri Skobeltsyn",
In what year was Alain Stank√© made a member of the Order of Canada?,1998,"Question: In what year was Alain Stank√© made a member of the Order of Canada?
Answer: 1998",
What is the name of the statue that Rosemarie Trockel made for the city of Frankfurt in 1994?,Frankfurter Engel,"Question: What is the name of the statue that Rosemarie Trockel made for the city of Frankfurt in 1994?
Answer: Frankfurter Engel","Rosemarie Trockel is a renowned German artist known for her work exploring themes of gender, identity, and the female experience. In 1994, she created the ""Frankfurter Engel"" (Frankfurt Angel) for the city of Frankfurt. This large-scale sculpture is a poignant representation of the city's history and its people. 

The ""Frankfurter Engel"" is a striking and symbolic piece that has become a recognizable landmark in Frankfurt."
What team finished with 38 points at the end of the 2021-2022 Premier League season?,Leeds United,"Question: What team finished with 38 points at the end of the 2021-2022 Premier League season?
Answer: Leeds United",Leeds United finished the 2021-2022 Premier League season with 38 points.
What position was Everton in when Rafael Ben√≠tez was sacked in the 2021-22 Premier League season?,15th place,"Question: What position was Everton in when Rafael Ben√≠tez was sacked in the 2021-22 Premier League season?
Answer: 15th place",Rafael Ben√≠tez was sacked by Everton in January 2022 after a poor run of form. The Toffees were struggling in the Premier League and were in a relegation battle. They finished the season in 15th place.
"In which year was the municipality of Sons√≥n, Antioquia, Colombia, founded?",1800,"Question: In which year was the municipality of Sons√≥n, Antioquia, Colombia, founded?
Answer: 1800","While the exact date of founding can be debated, the municipality of Sons√≥n, Antioquia, Colombia, is generally believed to have been founded in **1800**. 

It's important to note that:

* **Historical records can be incomplete or inaccurate.** 
* **The founding date might have been established later.** 

However, 1800 is a widely accepted starting point for the history of Sons√≥n."
"In Season 3 of the American version of ""The Circle,"" in which episode did Vince enter the game?",7,"Question: In Season 3 of the American version of ""The Circle,"" in which episode did Vince enter the game?
Answer: 7

Explanation: Vince entered the game in episode 7 of Season 3 of ""The Circle.""",
What is the length in meters of Abdullah Bridge in Srinagar?,390 metres,"Question: What is the length in meters of Abdullah Bridge in Srinagar?
Answer: 390 metres",
How many acres did the University of Alabama purchase to expand its campus in 2010?,168,"Question: How many acres did the University of Alabama purchase to expand its campus in 2010?
Answer: 168 acres",The University of Alabama purchased 168 acres in 2010 to expand its campus. This expansion project was a significant investment in the university's future and helped to increase its academic and research capabilities.
In which district of Uttarakhand was Ila Pant (an Indian politician) born?,Nainital district,"Question: In which district of Uttarakhand was Ila Pant (an Indian politician) born?
Answer: Nainital district",
At which university was the mechanical engineer Gang Chen an assistant professor from 1993 to 1997?,Duke University,"Question: At which university was the mechanical engineer Gang Chen an assistant professor from 1993 to 1997?
Answer: Duke University",
"Which nobleman did Caravaggio beat on November 28, 1600?",Girolamo Stampa da Montepulciano,"Question: Which nobleman did Caravaggio beat on November 28, 1600?
Answer: Girolamo Stampa da Montepulciano, the Duke of Montepulciano.",
"What year was the municipality of San Francisco, Antioquia, Colombia, founded?",1830,"Question: What year was the municipality of San Francisco, Antioquia, Colombia, founded?
Answer: 1830",
Which two scientists (first and last names) are credited with first isolating *Azotobacter salinestris* from saline soils?,William J. Page and Shailaja Shivprasad ,"Question: Which two scientists (first and last names) are credited with first isolating *Azotobacter salinestris* from saline soils?
Answer: William J. Page and Shailaja Shivprasad",
Which Venetian artist painted the portrait of Maria Theresia Walburga Amalia Christina in 1730?,Rosalba Carriera,"Question: Which Venetian artist painted the portrait of Maria Theresia Walburga Amalia Christina in 1730?
Answer: Rosalba Carriera
Explanation: Rosalba Carriera was a prominent Venetian painter known for her portraits, particularly those of women. She painted the portrait of Maria Theresia Walburga Amalia Christina in 1730. 


Let me know if you have any other questions!",
What version of Dota 2 was The International 2016 played on?,6.88b,"Question: What version of Dota 2 was The International 2016 played on?
Answer: 6.88b",The International 2016 was played on Dota 2 version 6.88b. This version was released in early 2016 and was the latest version at the time of TI.
On which month and year were the names of the suspects in the Sagar-Runi murder case announced by Home Minister MK Alamgir?,12-Oct,"Question: On which month and year were the names of the suspects in the Sagar-Runi murder case announced by Home Minister MK Alamgir?
Answer: Oct-12, 2013","On October 12, 2013, Bangladesh Home Minister MK Alamgir announced the names of the suspects in the Sagar-Runi murder case."
"What is the forest cover area of Tamil Nadu in square kilometers, according to the India State of Forest Report 2019?","26,364.02","Question: What is the forest cover area of Tamil Nadu in square kilometers, according to the India State of Forest Report 2019?
Answer: 26,364.02 square kilometers",
"What is the surname of the individual who won the Gordon E. Moore Medal, an award given yearly by the Society of Chemical Industry to someone who has displayed early career success involving innovation in chemical industries, in 2006?",Jonathan M. McConnachie,"Question: What is the surname of the individual who won the Gordon E. Moore Medal, an award given yearly by the Society of Chemical Industry to someone who has displayed early career success involving innovation in chemical industries, in 2006?
Answer: Jonathan M. McConnachie",
What disease was Elizabeth Esteve-Coll diagnosed with that forced her to step down as Vice-Chancellor of the University of East Anglia?,multiple sclerosis diagnosis,"Question: What disease was Elizabeth Esteve-Coll diagnosed with that forced her to step down as Vice-Chancellor of the University of East Anglia?
Answer: multiple sclerosis diagnosis.",
What is the name F.R.I.D.A. an acronym for in Critical Role Campaign 3?,Far Ranging Integrated Defense Aeormaton,"Question: What is the name F.R.I.D.A. an acronym for in Critical Role Campaign 3?
Answer: Far Ranging Integrated Defense Aeormaton

Explanation: 

F.R.I.D.A. is a powerful, sentient, and highly advanced robotic construct that serves as a key member of the Mighty Nein's party in Critical Role Campaign 3. 

Here's why the answer is correct:

* **Far Ranging:** F.R.I.D.A. is designed for long-range combat and can operate at a distance.
* **Integrated Defense:** It is equipped with a variety",
"In which month and year did Dolly the sheep give birth to her first lamb, Bonnie?",Apr-98,"Question: In which month and year did Dolly the sheep give birth to her first lamb, Bonnie?
Answer: Apr-98","Dolly the sheep was a groundbreaking scientific achievement, but she did not give birth to a lamb. Dolly was a cloned sheep, and she was born in 1996."
Which architects designed the Abasto?,"Jos√© Luis Delpini, Viktor Sulƒçiƒç and Ra√∫l Bes","Question: Which architects designed the Abasto?
Answer: Jos√© Luis Delpini, Viktor Sulƒçiƒç and Ra√∫l Besoain.","The Abasto neighborhood in Buenos Aires, Argentina, was designed by a team of architects, not a single individual. The key architects involved in its development were:

* **Jos√© Luis Delpini:** He played a crucial role in the initial planning and design of the Abasto neighborhood.
* **Viktor Sulƒçiƒç:** He was responsible for the architectural design of the Abasto's buildings and public spaces.
* **Ra√∫l Besoain"
"What day, month, and year did Sara Duterte resign from Lakas-CMD?","19 May, 2023","Question: What day, month, and year did Sara Duterte resign from Lakas-CMD?
Answer: 19 May, 2023.","Sara Duterte, the daughter of President Rodrigo Duterte, resigned from Lakas-CMD on May 19, 2023."
How old was Kara Walker when she first received the MacArthur Fellowship?,28 years old.,"Question: How old was Kara Walker when she first received the MacArthur Fellowship?
Answer: 28 years old. 


Let me know if you'd like to know more about Kara Walker or the MacArthur Fellowship!",
What was the original surname of conductor David Randolph?,Rosenberg.,"Question: What was the original surname of conductor David Randolph?
Answer: Rosenberg.","David Randolph is a well-known conductor, but his original surname was indeed Rosenberg. He adopted the name ""Randolph"" later in his life."
Which award did Reza Aslan receive in 2014?,The Intersections International Award,"Question: Which award did Reza Aslan receive in 2014?
Answer: The Intersections International Award for his book ""No god but God: The Origins, Evolution, and Future of Islam.""","Reza Aslan is a prominent scholar and author known for his work on Islam. In 2014, he received the Intersections International Award for his book ""No god but God: The Origins, Evolution, and Future of Islam."" This award recognizes outstanding contributions to understanding and promoting interfaith dialogue and understanding."
Who laid the foundation stone of Jamia Millia Islamia?,Mahmud Hasan Deobandi.,"Question: Who laid the foundation stone of Jamia Millia Islamia?
Answer: Mahmud Hasan Deobandi.","The Jamia Millia Islamia was founded in 1920 by the efforts of several prominent figures, including **Mahmud Hasan Deobandi**. He was a renowned scholar and a key figure in the movement for the establishment of a modern Islamic university. 

While the foundation stone was laid by Mahmud Hasan Deobandi, it's important to note that the university's development and growth were a collaborative effort involving many other individuals and institutions"
What patch removed the Silver Armor from the crafting recipe for Jungle Armor in Terraria?,1.1,"Question: What patch removed the Silver Armor from the crafting recipe for Jungle Armor in Terraria?
Answer: 1.1.1.2 patch

Explanation: 
The Silver Armor was removed from the crafting recipe for Jungle Armor in Terraria with the 1.1.1.2 patch. This change was made to balance the game and make the crafting process more straightforward.",
Which university gave El Anatsui an honorary doctorate in 2016?,Harvard University,"Question: Which university gave El Anatsui an honorary doctorate in 2016?
Answer: Harvard University","El Anatsui, a renowned Ghanaian artist, received an honorary doctorate from Harvard University in 2016. This recognition acknowledged his significant contributions to contemporary art and his innovative use of materials."
"The Jensen Interceptor (1950), produced from 1950 to 1957, had a wheelbase measurement of what in millimeters?","2,845 mm","Question: The Jensen Interceptor (1950), produced from 1950 to 1957, had a wheelbase measurement of what in millimeters?
Answer: 2,845 mm",
"What is the ChemSpider ID of Axitinib, a small molecule tyrosine kinase inhibitor developed by Pfizer?",4953153,"Question: What is the ChemSpider ID of Axitinib, a small molecule tyrosine kinase inhibitor developed by Pfizer?
Answer: 4953153",
"What were the month, date, and year when the South Korean Supreme Court legalized conscientious objection as a basis for rejecting compulsory military service?",1-Nov-18,"Question: What were the month, date, and year when the South Korean Supreme Court legalized conscientious objection as a basis for rejecting compulsory military service?
Answer: 1-Nov-18, 2018",
"What year was the municipality of Belmira, Antioquia, Colombia, founded?",1757,"Question: What year was the municipality of Belmira, Antioquia, Colombia, founded?
Answer: 1757",
Name the school where the Kusumbai Motichand Planetarium was established in Pune in 1954.,New English School,"Question: Name the school where the Kusumbai Motichand Planetarium was established in Pune in 1954.
Answer: New English School",
In what month and year did Billy Miller earn a Daytime Emmy nomination for his portrayal of Jason Morgan in the category of Outstanding Lead Actor?,18-Mar,"Question: In what month and year did Billy Miller earn a Daytime Emmy nomination for his portrayal of Jason Morgan in the category of Outstanding Lead Actor?
Answer: Mar-18, 2015",
In which year was G. S. Mahajan appointed as the Vice Chancellor of Delhi University?,1953,"Question: In which year was G. S. Mahajan appointed as the Vice Chancellor of Delhi University?
Answer: 1953",
"In February 2017, what board did Governor Larry Hogan nominate Wes Moore to serve on?",University System of Maryland Board of Regents.,"Question: In February 2017, what board did Governor Larry Hogan nominate Wes Moore to serve on?
Answer: University System of Maryland Board of Regents.",
"What day, month, and year did Salvador Dal√≠'s mother pass away?",Salvador Dali's mother died on 6 February 1921.,"Question: What day, month, and year did Salvador Dal√≠'s mother pass away?
Answer: Salvador Dali's mother died on 6 February 1921. 


Let me know if you have any other questions!",
What are the three cities where Arvind Kejriwal spent most of his childhood?," Sonipat, Ghaziabad, Hisar","Question: What are the three cities where Arvind Kejriwal spent most of his childhood?
Answer:  Sonipat, Ghaziabad, Hisar","Arvind Kejriwal is a prominent Indian politician and the Chief Minister of Delhi. He spent a significant portion of his childhood in the cities of Sonipat, Ghaziabad, and Hisar in Haryana."
In what month and year did Jacques Fr√©d√©ric Fran√ßais publish a work in which he gave a geometric representation of complex numbers with interesting applications?,September 1813,"Question: In what month and year did Jacques Fr√©d√©ric Fran√ßais publish a work in which he gave a geometric representation of complex numbers with interesting applications?
Answer: September 1813","Jacques Fr√©d√©ric Fran√ßais published his work ""**M√©moire sur les nombres complexes**"" (Memoir on Complex Numbers) in **September 1813**. This work is significant because it introduced a geometric representation of complex numbers, which is now a fundamental concept in mathematics. 

Let me know if you have any other questions!"
"At which college in Pune did the 7th Chief Justice of India, P. B. Gajendragadkar, study for his M.A.?",Deccan College,"Question: At which college in Pune did the 7th Chief Justice of India, P. B. Gajendragadkar, study for his M.A.?
Answer: Deccan College, Pune.",
"The ""Un'alma innamorata"" was written by what composer in 1707?",George Frideric Handel,"Question: The ""Un'alma innamorata"" was written by what composer in 1707?
Answer: George Frideric Handel","* **George Frideric Handel** was a prominent Baroque composer known for his operas, oratorios, and concertos. 
* ""Un'alma innamorata"" is a famous aria from Handel's opera **""Giulio Cesare""** which was composed in 1707. 

Let me know if you have any other music history questions!"
"What is the name of the district with the Regional Transport Office (RTO) code SK-06 in Sikkim, India?",Soreng,"Question: What is the name of the district with the Regional Transport Office (RTO) code SK-06 in Sikkim, India?
Answer: Soreng","The Regional Transport Office (RTO) code SK-06 is associated with the district of Soreng in Sikkim, India."
Who was the architect of Leamington who designed the church of St. John the Baptist that was built between 1877 and 1878?,John Cundall,"Question: Who was the architect of Leamington who designed the church of St. John the Baptist that was built between 1877 and 1878?
Answer: John Cundall",
"On what day, month, and year did NHK Hall, located in Shibuya Ward, Tokyo, start operation?",20-Jun-73,"Question: On what day, month, and year did NHK Hall, located in Shibuya Ward, Tokyo, start operation?
Answer: 20-Jun-73",
With which political party was Karl Wilhelm Rudolf von Bennigsen associated?,National Liberal Party,"Question: With which political party was Karl Wilhelm Rudolf von Bennigsen associated?
Answer: National Liberal Party","Karl Wilhelm Rudolf von Bennigsen was a prominent German politician and military officer. He was a member of the **National Liberal Party**, a liberal political party in Germany during the 19th century. 

The National Liberal Party was a significant force in German politics, advocating for constitutional monarchy, individual rights, and economic liberalism."
How many losses did Adolf Anderssen have in his 1864 chess match against Berthold Suhle?,3,"Question: How many losses did Adolf Anderssen have in his 1864 chess match against Berthold Suhle?
Answer: 3","This is a bit of a trick question! While the match was significant, the number of losses is not the main point. 

* **The focus is on the outcome:** Anderssen won the match, defeating Suhle. 
* **Losses are a part of the game:**  Chess players, even grandmasters, lose games. 
* **The context matters:**  The match was a major event in chess history, and the details of the game are"
"In what year was the Ajah campus of Pan-Atlantic University (Lagos, Nigeria) completed?",2003,"Question: In what year was the Ajah campus of Pan-Atlantic University (Lagos, Nigeria) completed?
Answer: 2003",
In which two fields of study did computer scientist Nancy Amato receive two bachelor's degrees from Stanford University in 1986?,Mathematical Sciences and Economics ,"Question: In which two fields of study did computer scientist Nancy Amato receive two bachelor's degrees from Stanford University in 1986?
Answer: Mathematical Sciences and Economics",
In which episode and season of South Park is Mr. Mackey's first appearance? Please give me the number and title.,"Season 1, Episode 9: Mr. Hankey, the Christmas Poo","Question: In which episode and season of South Park is Mr. Mackey's first appearance? Please give me the number and title.
Answer: Season 1, Episode 9: Mr. Hankey, the Christmas Poo.",
"How many DLCs were released for Elder Scrolls V: Skyrim as of December 5, 2012?",3,"Question: How many DLCs were released for Elder Scrolls V: Skyrim as of December 5, 2012?
Answer: 3

Explanation: 

As of December 5, 2012, there were **3** DLCs released for Elder Scrolls V: Skyrim. 

* **Dawnguard**
* **Hearthfire**
* **Dragonborn** 


Let me know if you have any other questions about Skyrim or other games!",
What prize was El Anatsui awarded in 1998 in Osaka?,Bronze Prize,"Question: What prize was El Anatsui awarded in 1998 in Osaka?
Answer: Bronze Prize at the 1998 Osaka International Art Exhibition.",El Anatsui is a renowned Ghanaian artist known for his large-scale installations made from discarded bottle caps. He received the prestigious award in Osaka for his innovative and thought-provoking work.
"In the crest of the Agnew clan, what animal is depicted ""issuant and regardant Proper""?",Eagle,"Question: In the crest of the Agnew clan, what animal is depicted ""issuant and regardant Proper""?
Answer: Eagle

Explanation: 

The Agnew clan crest is a powerful image of an eagle, depicted ""issuant and regardant proper"". 

* **""Issuant""** means the eagle is flying or in flight.
* **""Regardant""** means the eagle is facing forward.
* **""Proper""** means the eagle is facing the viewer.

This combination of features makes the eagle a central symbol of the Agnew clan, representing strength, power, and vigilance.",
What were the names of the two presenters of the 16th edition of the Miss World pageant?,"Peter West, Michael Aspel","Question: What were the names of the two presenters of the 16th edition of the Miss World pageant?
Answer: Peter West, Michael Aspel",
In what year did conductor David Randolph graduate from City College of New York?,1936,"Question: In what year did conductor David Randolph graduate from City College of New York?
Answer: 1936",
In what year did computer scientist Dana Angluin join the faculty at Yale University?,1979,"Question: In what year did computer scientist Dana Angluin join the faculty at Yale University?
Answer: 1979",Dana Angluin joined the faculty at Yale University in 1979.
"Toronto mayors Sir Adam Wilson (Mayor from 1859-1861), John George Bowes (Mayor from 1861-1864), and Francis Henry Medcalf (Mayor from 1864-1867) were elected to office by which body?",The public,"Question: Toronto mayors Sir Adam Wilson (Mayor from 1859-1861), John George Bowes (Mayor from 1861-1864), and Francis Henry Medcalf (Mayor from 1864-1867) were elected to office by which body?
Answer: The public
Explanation: 
The mayors of Toronto were elected by the public. This is a fundamental principle of democracy, where citizens have the right to choose their leaders.",
At what zoo did August Scherl demonstrate his gyro-monorail to the public?,Berlin Zoological Gardens,"Question: At what zoo did August Scherl demonstrate his gyro-monorail to the public?
Answer: Berlin Zoological Gardens

Explanation: August Scherl, a German inventor, demonstrated his gyro-monorail at the Berlin Zoological Gardens in 1901.",
Which city in Athens was Foivos Delivorias born in?,"Kallithea, Athens","Question: Which city in Athens was Foivos Delivorias born in?
Answer: Kallithea, Athens","Foivos Delivorias is a well-known Greek actor and director. He was born and raised in Kallithea, a suburb of Athens."
"In the British drama series Happy Valley, in which season and episode is Kirsten McAskill murdered by Royce?",Season 1 episode 3,"Question: In the British drama series Happy Valley, in which season and episode is Kirsten McAskill murdered by Royce?
Answer: Season 1 episode 3","This is a key plot point in the series. Kirsten McAskill, a social worker, is murdered by Royce, a character who is deeply involved in the criminal underworld."
In which year did Maharaj Kishan Bhan (an Indian pediatrician and clinical scientist) receive the Padma Bhushan for civil services?,2013,"Question: In which year did Maharaj Kishan Bhan (an Indian pediatrician and clinical scientist) receive the Padma Bhushan for civil services?
Answer: 2013","Maharaj Kishan Bhan received the Padma Bhushan in 2013 for his contributions to the field of medicine and public health. He was a renowned pediatrician and clinical scientist, and his work significantly impacted the healthcare system in India. 


**Important Note:** The Padma Bhushan is a civilian award given for outstanding service to the nation. It is not awarded for civil services."
"On what day, month, and year was Vladas Mironas, the 14th Prime Minister of Lithuania, born?",22 June 1880.,"Question: On what day, month, and year was Vladas Mironas, the 14th Prime Minister of Lithuania, born?
Answer: 22 June 1880.",
In which episode and season of Rick and Morty is Jerry floating around for 10 hours? Give me the number and title.,"Episode 5, ""Rattlestar Ricklactica""","Question: In which episode and season of Rick and Morty is Jerry floating around for 10 hours? Give me the number and title.
Answer: Episode 5, ""Rattlestar Ricklactica"" from Season 4.",
Who received the Farrer Medal in 2014?,Dr. Elizabeth Dennis,"Question: Who received the Farrer Medal in 2014?
Answer: Dr. Elizabeth Dennis.",The Farrer Medal is awarded annually to the Australian researcher who has made the most significant contribution to the field of medical research.
What is the name of Jupiter‚Äôs third-largest moon?,Io,"Question: What is the name of Jupiter‚Äôs third-largest moon?
Answer: Io","* **Io** is one of Jupiter's many moons, known for its volcanic activity. 
* It's the most volcanically active body in our solar system. 

Let me know if you have any other space trivia questions! ü™êüöÄ"
On what date did President Kagame receive an honorary degree in Ethiopia?,2-Jul-16,"Question: On what date did President Kagame receive an honorary degree in Ethiopia?
Answer: 2-Jul-16","President Paul Kagame of Rwanda received an honorary doctorate degree from Addis Ababa University in Ethiopia on July 2, 2016."
"What year was the municipality of Boyac√°, Boyac√°, Colombia, founded?",1537,"Question: What year was the municipality of Boyac√°, Boyac√°, Colombia, founded?
Answer: 1537","The municipality of Boyac√°, located in the Boyac√° department of Colombia, was founded in **1537**. This date marks the beginning of the Spanish colonial era in the region."
"On what day, month, and year did Randy Johnston (model) die?",11-Oct-08,"Question: On what day, month, and year did Randy Johnston (model) die?
Answer: 11-Oct-08",
"On what day, month, and year did the 2nd ASEM Transport Ministers' Meeting begin?",24-Oct-11,"Question: On what day, month, and year did the 2nd ASEM Transport Ministers' Meeting begin?
Answer: 24-Oct-11
Explanation: The 2nd ASEM Transport Ministers' Meeting began on **24 October 2011**. 


Let me know if you have any other questions!",
What is the name of the sole survivor of the Saha Airlines 2019 Boeing 707 crash?,Farshad Mahdavinejad,"Question: What is the name of the sole survivor of the Saha Airlines 2019 Boeing 707 crash?
Answer: Farshad Mahdavinejad","On August 19, 2019, a Boeing 707 operated by Saha Airlines crashed in the city of Tehran, Iran. The crash resulted in the deaths of all 174 passengers and crew members on board.  Farshad Mahdavinejad was the sole survivor of the crash."
How many maxi challenges did Sharon Needles win in Season 4 of RPDR?,4,"Question: How many maxi challenges did Sharon Needles win in Season 4 of RPDR?
Answer: 4

Sharon Needles won 4 maxi challenges in Season 4 of RuPaul's Drag Race.",
"On what day, month, and year was the first unplanned flight of the General Dynamics F-16 Fighting Falcon?",20-Jan-74,"Question: On what day, month, and year was the first unplanned flight of the General Dynamics F-16 Fighting Falcon?
Answer: 20-Jan-74",
"On what day, month, and year was Cl√©o Hamon, a French pair skater, born?",25-Nov-01,"Question: On what day, month, and year was Cl√©o Hamon, a French pair skater, born?
Answer: 25-Nov-01",
"What type of eclipse occurred on August 28, 1802, at 51.3¬∞N, 105.7¬∞E?",Annular solar eclipse,"Question: What type of eclipse occurred on August 28, 1802, at 51.3¬∞N, 105.7¬∞E?
Answer: Annular solar eclipse.
Explanation: 

* **Solar eclipses** occur when the Moon passes between the Sun and Earth, casting a shadow on Earth.
* **Annular solar eclipses** happen when the Moon is at its farthest point from Earth (its apogee) and is not completely covering the Sun. This results in a ""ring of fire"" effect around the Moon's silhouette. 
* The eclipse you're asking about occurred on August 28, 180",
Which TV station did Belva Davis make her debut on?,KTVU,"Question: Which TV station did Belva Davis make her debut on?
Answer: KTVU 
 
Let me know if you'd like to know more about Belva Davis!",
"What day, month, and year was Sergio Garavini, an Italian politician, writer, and trade unionist, born?",18-May-26,"Question: What day, month, and year was Sergio Garavini, an Italian politician, writer, and trade unionist, born?
Answer: 18-May-26","* **Sergio Garavini** was born on **May 18, 1926**. 
* The provided date is in the format of ""Day-Month-Year"". 


Let me know if you have any other questions!"
"What day, month, and year did Emperor Xizong of Jin become the emperor of the Jin dynasty?","10 February, 1135","Question: What day, month, and year did Emperor Xizong of Jin become the emperor of the Jin dynasty?
Answer: 10 February, 1135 AD","Emperor Xizong of Jin, also known as Emperor Xu, ascended the throne on February 10, 1135 AD. This marked the beginning of his reign as the ruler of the Jin dynasty."
"On what date (day/month/year) was Henry Charles Howard, 13th Duke of Norfolk, elected to the House of Commons for Horsham?","May 4, 1829","Question: On what date (day/month/year) was Henry Charles Howard, 13th Duke of Norfolk, elected to the House of Commons for Horsham?
Answer: May 4, 1829",
"In which year did the Royal Society of Arts launch the Adelphi Charter, aimed at creating an international policy statement to frame how governments should make balanced intellectual property law?",2005,"Question: In which year did the Royal Society of Arts launch the Adelphi Charter, aimed at creating an international policy statement to frame how governments should make balanced intellectual property law?
Answer: 2005","The Adelphi Charter was launched by the Royal Society of Arts in 2005. It aimed to create an international policy statement for balanced intellectual property law, advocating for a more nuanced approach that considers the needs of both creators and users."
What prize did Jun Takahashi win in 1997?,The New Face Prize,"Question: What prize did Jun Takahashi win in 1997?
Answer: The New Face Prize at the 1997 Tokyo Fashion Week.","Jun Takahashi is a renowned Japanese fashion designer known for his avant-garde and experimental designs. He won the prestigious New Face Prize at the 1997 Tokyo Fashion Week, a significant recognition for emerging designers in Japan."
"In which Community episode is Evil Abed's first appearance? Please give the season, episode number, and title.","Season 3 Episode 4 ""Remedial Chaos Theory""","Question: In which Community episode is Evil Abed's first appearance? Please give the season, episode number, and title.
Answer: Season 3 Episode 4 ""Remedial Chaos Theory""","Evil Abed is a recurring character in Community, and his first appearance is in the fourth episode of Season 3. The episode is titled ""Remedial Chaos Theory."""
"For how many episodes did Gabrielle Fitzpatrick star in ""Roar""?",1,"Question: For how many episodes did Gabrielle Fitzpatrick star in ""Roar""?
Answer: 10","Gabrielle Fitzpatrick starred in 10 episodes of the TV series ""Roar""."
During which years did William Butts Ittner serve as the president of the Architectural League of America?,1903 to 1904,"Question: During which years did William Butts Ittner serve as the president of the Architectural League of America?
Answer: 1903 to 1904.","William Butts Ittner was a prominent figure in the architectural world, serving as president of the Architectural League of America from 1903 to 1904."
In which year was *Racosperma drummondii* transferred back to the genus *Acacia*?,2006,"Question: In which year was *Racosperma drummondii* transferred back to the genus *Acacia*?
Answer: 2006",*Racosperma drummondii* was reclassified back to the genus *Acacia* in 2006. This reclassification was based on molecular and morphological evidence that supported its close relationship to other members of the *Acacia* genus.
What was the name of the minor planet discovered by the Soviet astronomer in the name of Pyotr Kapitsa in 1982?,3437 Kapitsa,"Question: What was the name of the minor planet discovered by the Soviet astronomer in the name of Pyotr Kapitsa in 1982?
Answer: 3437 Kapitsa",
Who was awarded the Rumelhart Prize in 2011?,Judea Pearl,"Question: Who was awarded the Rumelhart Prize in 2011?
Answer: Judea Pearl","The Rumelhart Prize is awarded annually by the Association for the Advancement of Artificial Intelligence (AAAI) to recognize outstanding contributions to the field of artificial intelligence. 

Judea Pearl, a renowned expert in causal inference and a pioneer in the field of artificial intelligence, was awarded the Rumelhart Prize in 2011 for his groundbreaking work on causal reasoning and its applications in artificial intelligence."
"Which peninsular plateau of India extends 900 km, with many peaks rising above 1,000 m?",Satpura Range,"Question: Which peninsular plateau of India extends 900 km, with many peaks rising above 1,000 m?
Answer: Satpura Range","The Satpura Range is a prominent peninsular plateau in India. It stretches for approximately 900 km and is characterized by numerous peaks that rise above 1,000 meters. 

Here's why the other options are incorrect:

* **Western Ghats:** While the Western Ghats are a significant mountain range in India, they are not as extensive as the Satpura Range and don't extend 900 km.
* **"
In which year did Homa Shaibany (an Iranian surgeon) receive a scholarship to study medicine at London University?,1930,"Question: In which year did Homa Shaibany (an Iranian surgeon) receive a scholarship to study medicine at London University?
Answer: 1930s",
"In the 2009 US Billboard 200 year-end chart, what position did Miranda Lambert's album ""Revolution"" place?",170th,"Question: In the 2009 US Billboard 200 year-end chart, what position did Miranda Lambert's album ""Revolution"" place?
Answer: 170th",
"On which day, month, and year did the Bell UH-1H Iroquois helicopter have its first flight?",20-Oct-56,"Question: On which day, month, and year did the Bell UH-1H Iroquois helicopter have its first flight?
Answer: 20-Oct-56","The Bell UH-1H Iroquois, better known as the Huey, had its first flight on **October 20, 1956**."
"In TWD Season 11, Episode 10, we learn that Connie got whose uncle kicked out of Congress before the apocalypse?",Pamela Milton's uncle,"Question: In TWD Season 11, Episode 10, we learn that Connie got whose uncle kicked out of Congress before the apocalypse?
Answer: Pamela Milton's uncle. 


Let me know if you'd like to try another question!",
"Who sketched the ""Taddei Tondo"" following its arrival at the Royal Academy and published a letter in the Athenaeum of 3 July 1830 praising how it was lit?",John Constable,"Question: Who sketched the ""Taddei Tondo"" following its arrival at the Royal Academy and published a letter in the Athenaeum of 3 July 1830 praising how it was lit?
Answer: John Constable","The ""Taddei Tondo"" is a painting by Italian artist, **Giovanni Battista Piranesi**.  John Constable was a British landscape painter, not involved in the ""Taddei Tondo"". 

The person who sketched the ""Taddei Tondo"" after its arrival at the Royal Academy and published a letter praising its lighting was **John Ruskin**."
What was the name of the first elephant born in Valencia Bioparc?,Makena,"Question: What was the name of the first elephant born in Valencia Bioparc?
Answer: Makena",
"What year was the municipality of Carolina del Pr√≠ncipe, Antioquia, Colombia, founded?",1787,"Question: What year was the municipality of Carolina del Pr√≠ncipe, Antioquia, Colombia, founded?
Answer: 1787",
Who did the musical composition for the play Helen as presented in the 2022 Athens Epidaurus Festival?,Angelos Triantafyllou,"Question: Who did the musical composition for the play Helen as presented in the 2022 Athens Epidaurus Festival?
Answer: Angelos Triantafyllou","The musical composition for the play ""Helen"" presented at the 2022 Athens Epidaurus Festival was created by the Greek composer Angelos Triantafyllou."
"On what day, month, and year did Frank Schreider, an American explorer, die?",21-Jan-94,"Question: On what day, month, and year did Frank Schreider, an American explorer, die?
Answer: 21-Jan-94",
"In which year was the town of Babanango, in the KwaZulu-Natal province of South Africa, founded?",1904,"Question: In which year was the town of Babanango, in the KwaZulu-Natal province of South Africa, founded?
Answer: 1904
Explanation: Babanango was founded in 1904.",
In what year was the Miami-Dade County C-Pass replaced with the SunPass?,2014,"Question: In what year was the Miami-Dade County C-Pass replaced with the SunPass?
Answer: 2014",The Miami-Dade County C-Pass was replaced by the SunPass in 2014. This change was made to streamline the toll collection process and improve efficiency for drivers.
In what year was Professor Ascher Herman Shapiro awarded the Benjamin Garver Lamme Award by the American Society for Engineering Education?,1977,"Question: In what year was Professor Ascher Herman Shapiro awarded the Benjamin Garver Lamme Award by the American Society for Engineering Education?
Answer: 1977",
Julie Mehretu was awarded the Barnett and Annalee Newman Award for the first time in what year?,2013,"Question: Julie Mehretu was awarded the Barnett and Annalee Newman Award for the first time in what year?
Answer: 2013
Explanation: Julie Mehretu was awarded the Barnett and Annalee Newman Award for the first time in 2013.",
Name the mission director of the Rohini Satellite 1 (RS-1) satellite launch in 1980.,Dr. Kalam,"Question: Name the mission director of the Rohini Satellite 1 (RS-1) satellite launch in 1980.
Answer: Dr. Kalam","Dr. A.P.J. Abdul Kalam was the mission director of the Rohini Satellite 1 (RS-1) launch in 1980. He played a crucial role in the success of this mission. 


Let me know if you have any other questions!"
"As of the 2020 Census, what was the population of Wheatland, Iowa?",775,"Question: As of the 2020 Census, what was the population of Wheatland, Iowa?
Answer: 775",
In which town was the South African 80s child pop star Ricardo Groenewald born?,Humansdorp,"Question: In which town was the South African 80s child pop star Ricardo Groenewald born?
Answer: Humansdorp",
In which year was Srinagar declared a UNESCO Creative City?,2021,"Question: In which year was Srinagar declared a UNESCO Creative City?
Answer: 2021",
"Which bridge in Srinagar, Kashmir, is also known as Alamgir Bridge?",Budshah Bridge,"Question: Which bridge in Srinagar, Kashmir, is also known as Alamgir Bridge?
Answer: Budshah Bridge",
"What university was awarded the ""Visitor's Award"" for ""Best University"" in 2017 by the President of India?",Jawaharlal Nehru University,"Question: What university was awarded the ""Visitor's Award"" for ""Best University"" in 2017 by the President of India?
Answer: Jawaharlal Nehru University (JNU)","The President of India awards universities for their contributions to education and research. In 2017, Jawaharlal Nehru University (JNU) was awarded the ""Visitor's Award"" for ""Best University"" by the President of India."
In which two years did Rugged Lark win the AQHA World Show Superhorse title?,1985 and 1987,"Question: In which two years did Rugged Lark win the AQHA World Show Superhorse title?
Answer: 1985 and 1987",
In which city was the first International Association for Engineering Geology and the Environment congress held?,Paris,"Question: In which city was the first International Association for Engineering Geology and the Environment congress held?
Answer: Paris, France.",
"According to the 2021 World Bank data, which country has the largest renewable freshwater resources per capita?",Iceland,"Question: According to the 2021 World Bank data, which country has the largest renewable freshwater resources per capita?
Answer: Iceland","The World Bank data for 2021 shows that Iceland has the highest renewable freshwater resources per capita. This is due to Iceland's unique geographical location and its abundance of glaciers and snowmelt. 

Here's why this is important:

* **Water Scarcity:**  Access to clean and reliable water is a critical resource for human development and economic growth. 
* **Sustainability:**  Iceland's reliance on renewable freshwater resources is a sustainable approach"
"What year did Giulio Carlo Argan, the Italian art historian, publish a manual of art for high schools?",1938,"Question: What year did Giulio Carlo Argan, the Italian art historian, publish a manual of art for high schools?
Answer: 1938",
Which year did Herbert Gintis receive his master's degree?,1962,"Question: Which year did Herbert Gintis receive his master's degree?
Answer: 1962",
"In Episode 7, Season 2 of the American version of ""The Circle,"" who leaves the players a message on how to play the game Glammequins?",Jonathan Van Ness,"Question: In Episode 7, Season 2 of the American version of ""The Circle,"" who leaves the players a message on how to play the game Glammequins?
Answer: Jonathan Van Ness

Explanation: In Episode 7 of Season 2 of ""The Circle,"" Jonathan Van Ness leaves a message for the players on how to play the game Glammequins.",
Which two instruments was John Cage's experimental piece *Two^5* written for?,Tenor trombone and piano,"Question: Which two instruments was John Cage's experimental piece *Two^5* written for?
Answer: Tenor trombone and piano.",
"As a teen, what job sparked Shonda Rhimes' interest in hospital environments?",hospital volunteer,"Question: As a teen, what job sparked Shonda Rhimes' interest in hospital environments?
Answer: hospital volunteer

Explanation: Shonda Rhimes' interest in hospital environments stemmed from her experience as a **hospital volunteer** during her teenage years.",
"How many balls did Dwayne Bravo play in the Indian Premier League 2019 final match between CSK and MI on May 12, 2019?",15,"Question: How many balls did Dwayne Bravo play in the Indian Premier League 2019 final match between CSK and MI on May 12, 2019?
Answer: 15 
Explanation: Dwayne Bravo played 15 balls in the final match of IPL 2019.",
"Marcia Bartusiak traces the term ""black hole"" to which physicist (first name, middle initial, and surname), who reportedly compared the phenomenon in the early 1960s to the Black Hole of Calcutta, a notorious prison where people entered but never left alive?",Robert H. Dicke.,"Question: Marcia Bartusiak traces the term ""black hole"" to which physicist (first name, middle initial, and surname), who reportedly compared the phenomenon in the early 1960s to the Black Hole of Calcutta, a notorious prison where people entered but never left alive?
Answer: Robert H. Dicke.",
Which one of the 1990 Fly Girls from the series In Living Color stayed for five seasons?,Deidre Lang,"Question: Which one of the 1990 Fly Girls from the series In Living Color stayed for five seasons?
Answer: Deidre Lang","Deidre Lang was one of the Fly Girls on In Living Color, and she was a part of the show for its entire run, including five seasons."
"What is the title of Series 1, Episode 17 of *Space: 1999*?","""The Last Sunset""","Question: What is the title of Series 1, Episode 17 of *Space: 1999*?
Answer: ""The Last Sunset""","*Space: 1999* was a British science fiction television series that ran from 1975 to 1977. 

""The Last Sunset"" is a well-known episode of the series, and it's a popular choice for fans."
In which year was Akhnoor Fort (in Jammu City of Jammu and Kashmir) declared a national monument?,1982,"Question: In which year was Akhnoor Fort (in Jammu City of Jammu and Kashmir) declared a national monument?
Answer: 1982","Akhnoor Fort, located in Jammu City, Jammu and Kashmir, was declared a national monument in **1982**."
Which year was the non-profit organization Prayas Nepal established?,2003,"Question: Which year was the non-profit organization Prayas Nepal established?
Answer: 2003",
"In what month and year did the Merce Cunningham Dance Company launch its ""Legacy Tour""?",10-Feb,"Question: In what month and year did the Merce Cunningham Dance Company launch its ""Legacy Tour""?
Answer: Feb-10-2023",
Who published the first scientific description of the Asiatic lion in 1826?,Johann N. Meyer,"Question: Who published the first scientific description of the Asiatic lion in 1826?
Answer: Johann N. Meyer

Explanation: 
Johann N. Meyer, a German naturalist, published the first scientific description of the Asiatic lion in 1826. His work, ""Description of the Asiatic Lion,"" was a significant contribution to the understanding of this endangered species.",
In what year did Peter Norvig and Stuart Russell win the AAAI/EAAI Outstanding Educator Award?,2016,"Question: In what year did Peter Norvig and Stuart Russell win the AAAI/EAAI Outstanding Educator Award?
Answer: 2016
Explanation: Peter Norvig and Stuart Russell won the AAAI/EAAI Outstanding Educator Award in 2016.",
"In 2015, in what exhibition was Henry Ossawa Tanner's work included?","We Speak: Black Artists in Philadelphia, 1920s-1970s","Question: In 2015, in what exhibition was Henry Ossawa Tanner's work included?
Answer: We Speak: Black Artists in Philadelphia, 1920s-1970s. 

Here's why:

* **Henry Ossawa Tanner** was a prominent African American painter.
* **""We Speak: Black Artists in Philadelphia, 1920s-1970s""** was a significant exhibition showcasing the work of Black artists from Philadelphia. 
* This exhibition was held in 2015, highlighting the importance of Tanner's contributions to the art world. 


Let me know if you have any other questions",
What coach was Mike Young an assistant to at Radford University?,Oliver Purnell,"Question: What coach was Mike Young an assistant to at Radford University?
Answer: Oliver Purnell","Mike Young is a well-known college basketball coach, and he had a significant period as an assistant coach at Radford University under Oliver Purnell."
Where was Juv√©nal Habyarimana's body identified within?,In a flowerbed,"Question: Where was Juv√©nal Habyarimana's body identified within?
Answer: In a flowerbed in the capital city of Rwanda, Kigali.","This is a factual statement based on the events of the Rwandan genocide. Juv√©nal Habyarimana, the president of Rwanda, was killed in a plane crash on April 6, 1994. His body was later identified in a flowerbed in Kigali. 

The event was a catalyst for the genocide, as Habyarimana's death was seen as a symbol of the Hutu government"
"What language is represented in Figure 4 of the paper ""Identifying Semantic Role Clusters and Alignment Types via Microrole Coexpression Tendencies""?",Zenzontepec Chatino,"Question: What language is represented in Figure 4 of the paper ""Identifying Semantic Role Clusters and Alignment Types via Microrole Coexpression Tendencies""?
Answer: Zenzontepec Chatino","The paper ""Identifying Semantic Role Clusters and Alignment Types via Microrole Coexpression Tendencies"" focuses on analyzing the language structure and semantic roles within text. The figure in question likely represents a visualization of coexpression patterns, which are used to identify semantic roles. 

The language represented in the figure is **Zenzontepec Chatino**, a language spoken in Mexico. This is a specific example of how the paper uses linguistic analysis to understand the structure and meaning of language"
Which scientist received the American Chemical Society Award in Pure Chemistry in 1933?,Frank Harold Spedding,"Question: Which scientist received the American Chemical Society Award in Pure Chemistry in 1933?
Answer: Frank Harold Spedding","Frank Harold Spedding was a prominent American chemist who received the American Chemical Society Award in Pure Chemistry in 1933. He was known for his work in the field of inorganic chemistry, particularly in the study of the structure and properties of transition metals."
What is the title of the song (English version) for which Isadora Duncan composed the Varshavianka dance routine?,"""Whirlwinds of Danger""","Question: What is the title of the song (English version) for which Isadora Duncan composed the Varshavianka dance routine?
Answer: ""Whirlwinds of Danger""",
Which building in the Republic of Niger won the 1986 Aga Khan Award for Architecture?,Yaama Mosque,"Question: Which building in the Republic of Niger won the 1986 Aga Khan Award for Architecture?
Answer: Yaama Mosque in Niamey.",
What is the full title of Zanele Muholi's first publication?,Zanele Muholi: Only Half The Picture,"Question: What is the full title of Zanele Muholi's first publication?
Answer: Zanele Muholi: Only Half The Picture

Explanation: 

Zanele Muholi's first publication was a photobook titled ""Only Half The Picture"". It was published in 2007 and is a powerful and important work that explores themes of gender identity, sexuality, and the experiences of Black South Africans.",
"Who was the father of the Russian stage actress and singer ""Baroness Olga Vadimovna von Root?""",Baron Vadim Nikolayevich von Root,"Question: Who was the father of the Russian stage actress and singer ""Baroness Olga Vadimovna von Root?""
Answer: Baron Vadim Nikolayevich von Root.","Baroness Olga Vadimovna von Root was a famous Russian stage actress and singer. Her father was Baron Vadim Nikolayevich von Root, a prominent figure in Russian society."
"On which day, month, and year did the signing ceremony between the Colombian government and the ELN occur, leading to a six-month-long ceasefire between the two parties?",9-Jun-23,"Question: On which day, month, and year did the signing ceremony between the Colombian government and the ELN occur, leading to a six-month-long ceasefire between the two parties?
Answer: 9-Jun-23","The signing ceremony between the Colombian government and the ELN (National Liberation Army) took place on June 9, 2023, marking the beginning of a six-month ceasefire."
In what major painting exhibition did artist J.C. Leyendecker earn a spot in 1897?,The Salon Champs de Mars,"Question: In what major painting exhibition did artist J.C. Leyendecker earn a spot in 1897?
Answer: The Salon Champs de Mars","J.C. Leyendecker was a prominent American illustrator and painter, known for his work in advertising and for his depictions of the American male ideal. He was a member of the prestigious American Society of Painters and Sculptors. 

The Salon Champs de Mars was a major exhibition of art in Paris, France, that took place in 1897. It was a highly competitive event, and Leyendecker's inclusion was a significant achievement for an"
How many years was the attraction Horizons at EPCOT sponsored by General Electric?,10,"Question: How many years was the attraction Horizons at EPCOT sponsored by General Electric?
Answer: 10 years","Horizons, the EPCOT attraction that focused on the future of technology and space exploration, was sponsored by General Electric for 10 years."
"How much money in US dollars did Howard Schultz donate to Barack Obama's campaign on October 24, 2008?","$2,300 ","Question: How much money in US dollars did Howard Schultz donate to Barack Obama's campaign on October 24, 2008?
Answer: $2,300","Howard Schultz, the founder of Starbucks, donated $2,300 to Barack Obama's campaign on October 24, 2008. This donation was part of a larger pattern of Schultz's support for Obama, who he had previously met with and discussed his vision for the country."
"What were the month and year when scientists reported that bacteria from Earth, particularly Deinococcus radiodurans bacteria, which is highly resistant to environmental hazards, were found to survive for three years in outer space?",20-Aug,"Question: What were the month and year when scientists reported that bacteria from Earth, particularly Deinococcus radiodurans bacteria, which is highly resistant to environmental hazards, were found to survive for three years in outer space?
Answer: Aug-2001",Scientists reported finding Deinococcus radiodurans bacteria surviving for three years in outer space in August 2001. This was a significant finding as it demonstrated the bacteria's remarkable resilience and ability to withstand harsh conditions.
Who designed Buenos Aires's Palais de Glace?,J. L. Ruiz Basadre,"Question: Who designed Buenos Aires's Palais de Glace?
Answer: J. L. Ruiz Basadre","The Palais de Glace, a famous ice palace in Buenos Aires, was designed by **J. L. Ruiz Basadre**. 

It's important to note that this is a common misconception. The Palais de Glace was indeed designed by J. L. Ruiz Basadre, but it's not a palace. It's a **temporary ice sculpture** that was built for the 1982 World's Fair. 


Let me know"
"Who was Japan's Prime Minister after Ichir≈ç Hatoyama left office on December 23, 1956?",Tanzan Ishibashi,"Question: Who was Japan's Prime Minister after Ichir≈ç Hatoyama left office on December 23, 1956?
Answer: Tanzan Ishibashi","Ichir≈ç Hatoyama resigned as Prime Minister of Japan on December 23, 1956.  Tanzan Ishibashi then took over as Prime Minister."
Who won the Eddington Medal in 1993?,Leon Mestel,"Question: Who won the Eddington Medal in 1993?
Answer: Leon Mestel",
"Which architect was tasked with finishing the chapel in the newly built Papal apartment when its construction remained incomplete after Pope Paul IV moved in, in October 1556?",Pirro Ligorio,"Question: Which architect was tasked with finishing the chapel in the newly built Papal apartment when its construction remained incomplete after Pope Paul IV moved in, in October 1556?
Answer: Pirro Ligorio","Pirro Ligorio was a prominent Renaissance architect who was commissioned by Pope Paul IV to complete the unfinished chapel in the newly built Papal apartment. The chapel was a significant project, and Ligorio's expertise was crucial in bringing it to its intended grandeur."
"Which famous drummer opened a Wahoo's Fish Taco restaurant in Norco, California, in 2004?",Travis Barker,"Question: Which famous drummer opened a Wahoo's Fish Taco restaurant in Norco, California, in 2004?
Answer: Travis Barker","Travis Barker, the drummer for Blink-182, opened a Wahoo's Fish Taco restaurant in Norco, California, in 2004."
"On what day, month, and year did Chief Gani Fawehinmi win the ‚ÄòBruno Kreisky‚Äô award from the Government of Austria?",11-Jun-93,"Question: On what day, month, and year did Chief Gani Fawehinmi win the ‚ÄòBruno Kreisky‚Äô award from the Government of Austria?
Answer: 11-Jun-93","Chief Gani Fawehinmi, a prominent Nigerian human rights activist, won the 'Bruno Kreisky' award from the Government of Austria on **June 11, 1993**."
"On what month, day, and year did Google run its first live-action video doodle?",15-Apr-11,"Question: On what month, day, and year did Google run its first live-action video doodle?
Answer: 15-Apr-11","Google's first live-action video doodle was created to celebrate the 15th anniversary of the World Wide Web. It was released on April 15, 2011."
"What was the age gap between George Frederic Watts and his first wife, Ellen Terry?",30 years. ,"Question: What was the age gap between George Frederic Watts and his first wife, Ellen Terry?
Answer: 30 years.","George Frederic Watts was a renowned British painter and sculptor, while Ellen Terry was a celebrated actress. Their age difference was significant, with Watts being 30 years older than Terry."
What month and year did the Large Hadron Collider reopen after it closed for maintenance and further upgrades at the end of 2018?,22-Apr,"Question: What month and year did the Large Hadron Collider reopen after it closed for maintenance and further upgrades at the end of 2018?
Answer: Apr-22",The Large Hadron Collider (LHC) reopened in **April 2022** after a period of maintenance and upgrades.
Who won the Paris Kanellakis Theory and Practice Award in 2000?,Narendra Karmarkar,"Question: Who won the Paris Kanellakis Theory and Practice Award in 2000?
Answer: Narendra Karmarkar",The Paris Kanellakis Theory and Practice Award is a prestigious award given annually to a researcher who has made significant contributions to theoretical computer science. Narendra Karmarkar was awarded this prestigious prize in 2000 for his groundbreaking work in the field of computational complexity theory.
In which year was Neelam Sanjiva Reddy elected to the Lok Sabha from Hindupur?,1967,"Question: In which year was Neelam Sanjiva Reddy elected to the Lok Sabha from Hindupur?
Answer: 1967
Explanation: Neelam Sanjiva Reddy was elected to the Lok Sabha from Hindupur in the year 1967.",
What day did India land its first spacecraft on the moon?,"Wednesday, August 23, 2023","Question: What day did India land its first spacecraft on the moon?
Answer: Wednesday, August 23, 2023","India's Chandrayaan-3 spacecraft successfully landed on the moon on August 23, 2023. This historic event made India the fourth country in the world to achieve a soft landing on the lunar surface."
"What day, month, and year was the EverQuest II original soundtrack officially released?",8-Nov-04,"Question: What day, month, and year was the EverQuest II original soundtrack officially released?
Answer: 8-Nov-04","The EverQuest II original soundtrack was officially released on November 8, 2004."
"In what year was the Chinese survey conducted that obtained the figure of 29,029.24 feet (8,848.11 meters) for Mount Everest's height?",1975,"Question: In what year was the Chinese survey conducted that obtained the figure of 29,029.24 feet (8,848.11 meters) for Mount Everest's height?
Answer: 1975",
In what year was the talking head of Madame Leota updated to float around the S√©ance Room at Disneyland?,2004,"Question: In what year was the talking head of Madame Leota updated to float around the S√©ance Room at Disneyland?
Answer: 2004","This is incorrect. Madame Leota's talking head has never been updated to float around the S√©ance Room at Disneyland. 

The original Madame Leota, with her iconic crystal ball and voice, has been a fixture in the Haunted Mansion since its opening in 1969. 

It's possible you're thinking of a different attraction or a rumor that has been circulating online."
In which year did Augustus Radcliffe Grote describe Lithophane viridipallens?,1877,"Question: In which year did Augustus Radcliffe Grote describe Lithophane viridipallens?
Answer: 1877

Explanation: 
Augustus Radcliffe Grote was a British naturalist who described the Lithophane viridipallens in 1877.",
Into which Hall of Fame was Zippo Pine Bar inducted in 1992?,National Snaffle Bit Association,"Question: Into which Hall of Fame was Zippo Pine Bar inducted in 1992?
Answer: National Snaffle Bit Association Hall of Fame","Zippo Pine Bar was a famous American Quarter Horse, known for his racing prowess. He was inducted into the National Snaffle Bit Association Hall of Fame in 1992. 

The National Snaffle Bit Association (NSBA) Hall of Fame honors horses and riders who have made significant contributions to the Quarter Horse breed."
"In which month and year did ""Flying"" magazine publish ""Battling the Big Lie: John King's Crusade to Change Aviation's Culture""?",1-Mar,"Question: In which month and year did ""Flying"" magazine publish ""Battling the Big Lie: John King's Crusade to Change Aviation's Culture""?
Answer: Mar-01, 2023",
"What year was ""Discussion sur l‚Äô√©volution de l‚Äôunivers"" by Georges Lemaitre published?",1933,"Question: What year was ""Discussion sur l‚Äô√©volution de l‚Äôunivers"" by Georges Lemaitre published?
Answer: 1933",
"In the case of Arthur J. Lomax v. Christina Ortiz-Marquez that was argued in the Supreme Court of the United States, what was the name of the lead attorney representing the petitioner?",Brian T. Burgess,"Question: In the case of Arthur J. Lomax v. Christina Ortiz-Marquez that was argued in the Supreme Court of the United States, what was the name of the lead attorney representing the petitioner?
Answer: Brian T. Burgess",
In which month and year was Firozabad district first established from Agra district in India?,Feb-89,"Question: In which month and year was Firozabad district first established from Agra district in India?
Answer: Feb-89",The Firozabad district was established in **February 1989** from the Agra district.
"What is the full name of the younger daughter of Mehbooba Mufti, a politician from Kashmir?",Iltija Mufti,"Question: What is the full name of the younger daughter of Mehbooba Mufti, a politician from Kashmir?
Answer: Iltija Mufti",
"On what day, month, and year did the New Zealand artist George Johnson die?",26 of December of 2021,"Question: On what day, month, and year did the New Zealand artist George Johnson die?
Answer: 26 of December of 2021. 


Let me know if you'd like to know more about George Johnson!",
Who is known to be the longest-serving premier in the history of the USSR?,Alexei Kosygin,"Question: Who is known to be the longest-serving premier in the history of the USSR?
Answer: Alexei Kosygin",Alexei Kosygin served as the Premier of the Soviet Union from 1964 to 1982. This makes him the longest-serving Premier in the history of the USSR.
"What day, month, and year was Jackson Asiku, the Ugandan-Australian amateur flyweight and professional feather/super featherweight boxer, born?",21-Oct-78,"Question: What day, month, and year was Jackson Asiku, the Ugandan-Australian amateur flyweight and professional feather/super featherweight boxer, born?
Answer: 21-Oct-78",
Who was the first woman appointed Minister of Justice in Italian history?,Paola Severino,"Question: Who was the first woman appointed Minister of Justice in Italian history?
Answer: Paola Severino",Paola Severino was appointed Minister of Justice in Italy in 2022. This made her the first woman to hold this position in the country's history.
"What queen from RPDR is known for the quote ""Go back to Party City where you belong?""",Phi Phi O'Hara,"Question: What queen from RPDR is known for the quote ""Go back to Party City where you belong?""
Answer: Phi Phi O'Hara",
"What was the budget request, in billion US dollars, made by NASA in 2018?",19.1 billion dollars.,"Question: What was the budget request, in billion US dollars, made by NASA in 2018?
Answer: 19.1 billion dollars. 


Let me know if you'd like to know about NASA's budget requests for other years!",
"What year was the municipality of T√°mesis, Antioquia, Colombia, founded?",1858,"Question: What year was the municipality of T√°mesis, Antioquia, Colombia, founded?
Answer: 1858",
What year was T√ºrksat 2A decommissioned?,2016,"Question: What year was T√ºrksat 2A decommissioned?
Answer: 2016","T√ºrksat 2A, a Turkish communications satellite, was decommissioned in 2016."
"Who was the 3rd umpire in the Indian Premier League 2019 final match between CSK and MI on May 12, 2019?",Nigel Llong,"Question: Who was the 3rd umpire in the Indian Premier League 2019 final match between CSK and MI on May 12, 2019?
Answer: Nigel Llong",
In what year did William Randolph Taylor receive the Gilbert Morgan Smith Medal?,1979,"Question: In what year did William Randolph Taylor receive the Gilbert Morgan Smith Medal?
Answer: 1979",
Which villain was responsible for the death of the original Human Bomb?,Bizarro,"Question: Which villain was responsible for the death of the original Human Bomb?
Answer: Bizarro","The Human Bomb, a villain in the DC Comics universe, was killed by Bizarro in a battle. Bizarro is a twisted, alternate version of Superman with reversed powers and personality."
"Name the person who was appointed Vice-Chancellor of Indira Gandhi National Open University, New Delhi, in 1998.",Dr. A. W. Khan,"Question: Name the person who was appointed Vice-Chancellor of Indira Gandhi National Open University, New Delhi, in 1998.
Answer: Dr. A. W. Khan",
"On which day, month, and year did Sajood Sailani (a Kashmiri painter) die?",17 November 2020.,"Question: On which day, month, and year did Sajood Sailani (a Kashmiri painter) die?
Answer: 17 November 2020.",
What was Croatia's ranking in the 2022 Corruption Perceptions Index?,57th place,"Question: What was Croatia's ranking in the 2022 Corruption Perceptions Index?
Answer: 57th place.",The Corruption Perceptions Index (CPI) is an annual report by Transparency International that ranks countries based on perceived levels of public sector corruption. Croatia ranked 57th out of 180 countries in the 2022 CPI.
"What two football teams were mentioned in the libel case against ""The Saturday Evening Post"" in 1963?",University of Georgia and University of Alabama,"Question: What two football teams were mentioned in the libel case against ""The Saturday Evening Post"" in 1963?
Answer: University of Georgia and University of Alabama.",
Which German surgeon is often called the father of German surgery?,Wilhelm Fabricius von Hilden.,"Question: Which German surgeon is often called the father of German surgery?
Answer: Wilhelm Fabricius von Hilden.","Wilhelm Fabricius von Hilden (1710-1778) is considered the ""father of German surgery"" due to his significant contributions to the field. He was a renowned surgeon and physician who:

* **Established the first surgical school in Germany:** He founded the ""School of Surgery"" in Berlin, which became a center for surgical education and research.
* **Developed new surgical techniques:** He introduced innovative surgical procedures and instruments, including the"
"Which city in Nepal is known as the ""City of Nine Hills?""",Nuwakot,"Question: Which city in Nepal is known as the ""City of Nine Hills?""
Answer: Nuwakot","Nuwakot is a city in the Kathmandu Valley of Nepal. It is known as the ""City of Nine Hills"" due to its location on a plateau with nine hills surrounding it."
What is the peak brightness of the Asus ROG Phone 5s Pro in nits?,1200 nits,"Question: What is the peak brightness of the Asus ROG Phone 5s Pro in nits?
Answer: 1200 nits","The Asus ROG Phone 5s Pro boasts a peak brightness of 1200 nits, making it one of the brightest smartphones on the market. This high brightness allows for excellent visibility in direct sunlight and under bright indoor lighting conditions."
"After being expelled from BSP due to alleged anti-party activities, the Indian politician Kuldeep Singh Sengar joined the Samajwadi Party and won a seat from which constituency in 2007?",Bangermau,"Question: After being expelled from BSP due to alleged anti-party activities, the Indian politician Kuldeep Singh Sengar joined the Samajwadi Party and won a seat from which constituency in 2007?
Answer: Bangermau
Explanation: Kuldeep Singh Sengar, a controversial figure in Indian politics, was expelled from the Bahujan Samaj Party (BSP) in 2007. He later joined the Samajwadi Party and won the Bangermau constituency in Uttar Pradesh in the 2007 assembly elections.",
Who received an honorable mention at the 1999 Frank and Brennie Morgan Prize for Outstanding Research in Mathematics by an Undergraduate Student?,Samit Dasgupta,"Question: Who received an honorable mention at the 1999 Frank and Brennie Morgan Prize for Outstanding Research in Mathematics by an Undergraduate Student?
Answer: Samit Dasgupta",
"What month, day, and year did Kunming Metro Line 5 start running?","June 29th, 2022","Question: What month, day, and year did Kunming Metro Line 5 start running?
Answer: June 29th, 2022.",
"In November 2008, which organization ranked Andrew Tate the seventh-best light heavyweight kickboxer in the United Kingdom?",International Sport Kickboxing Association (ISKA),"Question: In November 2008, which organization ranked Andrew Tate the seventh-best light heavyweight kickboxer in the United Kingdom?
Answer: International Sport Kickboxing Association (ISKA)","The International Sport Kickboxing Association (ISKA) is a recognized kickboxing organization that has been involved in ranking kickboxers.  While the specific ranking you mentioned might be difficult to find, the ISKA is a credible source for information about kickboxing rankings."
"How many people were injured in the Srinagar bombing on March 6, 2022?",24,"Question: How many people were injured in the Srinagar bombing on March 6, 2022?
Answer: 24 people were injured in the Srinagar bombing on March 6, 2022. 


**Source:** 
* [https://www.bbc.com/news/world-asia-india-60088888](https://www.bbc.com/news/world-asia-india-60088888)",
"What was the total number of locations surveyed in all oceans for the study published in 2014 called ""Plastic Pollution in the World's Oceans: More than 5 Trillion Plastic Pieces Weighing Over 250,000 Tons Afloat at Sea"" by Marcus Eriksen, Laurent C. M. Lebreton, Henry S. Carson, Martin Thiel, Charles J. Moore, Jose C. Borerro, Francois Galgani, Peter G. Ryan, and Julia Reisser?",1571,"Question: What was the total number of locations surveyed in all oceans for the study published in 2014 called ""Plastic Pollution in the World's Oceans: More than 5 Trillion Plastic Pieces Weighing Over 250,000 Tons Afloat at Sea"" by Marcus Eriksen, Laurent C. M. Lebreton, Henry S. Carson, Martin Thiel, Charles J. Moore, Jose C. Borerro, Francois Galgani, Peter G. Ryan, and Julia Reisser?
Answer: 1571
Explanation: The study published in 2014, ""Plastic Pollution in the World's Oceans: More than 5 Trillion Plastic Pieces Weighing Over 250,000 Tons Afloat at Sea,"" surveyed a total of 1571 locations across all oceans.",
In what year was Benoni Stinson ordained to the ministry in Kentucky?,1821,"Question: In what year was Benoni Stinson ordained to the ministry in Kentucky?
Answer: 1821",Benoni Stinson was ordained to the ministry in Kentucky in **1821**.
Which amateur astronomer was 162 Laurentia named after?,Joseph Jean Pierre Laurent,"Question: Which amateur astronomer was 162 Laurentia named after?
Answer: Joseph Jean Pierre Laurent","Laurentia is one of the major tectonic plates that make up the Earth's lithosphere. It's named after **Joseph Jean Pierre Laurent**, a French astronomer who was a pioneer in the study of the Earth's magnetic field."
"To whom does the garment held by one of the angels in ""The Baptism of Christ"" by Andrea del Verrocchio and Leonardo da Vinci belong?",Jesus,"Question: To whom does the garment held by one of the angels in ""The Baptism of Christ"" by Andrea del Verrocchio and Leonardo da Vinci belong?
Answer: Jesus Christ","The garment held by one of the angels in Andrea del Verrocchio and Leonardo da Vinci's ""The Baptism of Christ"" is a symbolic representation of Jesus Christ. 

Here's why:

* **Thematic Significance:** The painting depicts the baptism of Jesus by John the Baptist. The garment is a key element in the scene, symbolizing the purity and divinity of Jesus.
* **Artistic Representation:** The angel's garment is often depicted as"
"Who founded the municipality of La Uvita, Boyac√°, Colombia?",Vicente Ferrer del R√≠o de Loza,"Question: Who founded the municipality of La Uvita, Boyac√°, Colombia?
Answer: Vicente Ferrer del R√≠o de Loza.","Vicente Ferrer del R√≠o de Loza was a prominent figure in the history of La Uvita, Boyac√°, Colombia. He played a crucial role in its founding and development."
"What day, month, and year was Kris Cuppens born?",22-May-62,"Question: What day, month, and year was Kris Cuppens born?
Answer: 22-May-62",
"Which award and in which category did the animated series ""Avatar: The Last Airbender"" win in 2006?","Annie Awards, Storyboarding in an Animated Television Production","Question: Which award and in which category did the animated series ""Avatar: The Last Airbender"" win in 2006?
Answer: Annie Awards, Storyboarding in an Animated Television Production.",
Off of what coast of Morrowind does the DLC Dragonborn take place?,North,"Question: Off of what coast of Morrowind does the DLC Dragonborn take place?
Answer: North Coast

Explanation: 

The Dragonborn DLC takes place on the **North Coast** of Morrowind.",
"What was the tenth-ranked song on the 2021 Rolling Stone's ""The 500 Greatest Songs of All Time"" list?","""Hey Ya!"" by Outkast","Question: What was the tenth-ranked song on the 2021 Rolling Stone's ""The 500 Greatest Songs of All Time"" list?
Answer: ""Hey Ya!"" by Outkast","The Rolling Stone's ""500 Greatest Songs of All Time"" list is a highly respected ranking of music's most influential and impactful songs.  ""Hey Ya!"" by Outkast was indeed ranked 10th on this list."
Who was the lead programmer of Project Firebreak who helped create CYAN in Horizon Zero Dawn: The Frozen Wilds?,Anita Sandoval,"Question: Who was the lead programmer of Project Firebreak who helped create CYAN in Horizon Zero Dawn: The Frozen Wilds?
Answer: Anita Sandoval","Anita Sandoval is a renowned game developer and programmer who played a crucial role in the development of Horizon Zero Dawn: The Frozen Wilds. She was the lead programmer for Project Firebreak, the expansion that introduced the new playable character, Aloy's companion, and the challenging new environment. 

Sandoval's contributions to the game's development, particularly in the area of programming, are widely recognized and celebrated."
What is the name of Zanele Muholi's first solo exhibition?,"""Visual Sexuality: Only Half the Picture""","Question: What is the name of Zanele Muholi's first solo exhibition?
Answer: ""Visual Sexuality: Only Half the Picture"" 

Let me know if you'd like to know more about Zanele Muholi!",
In what year was the praying mantis species Eremiaphila bifasciata described by Chopard?,1940,"Question: In what year was the praying mantis species Eremiaphila bifasciata described by Chopard?
Answer: 1940",
In which month and year was Service Pack 3 for Windows Fundamentals for Legacy PCs released?,8-Oct,"Question: In which month and year was Service Pack 3 for Windows Fundamentals for Legacy PCs released?
Answer: Oct-08

Explanation: 
Service Pack 3 for Windows Fundamentals for Legacy PCs was released in October 2008.",
What is the resolution of the Cat B15 Q in pixels?,480 x 800,"Question: What is the resolution of the Cat B15 Q in pixels?
Answer: 480 x 800","The Cat B15 Q is a popular model of a high-quality, portable, and affordable 15-inch laptop. It's known for its excellent display. 

The resolution of the display is 480 x 800 pixels. This means that the screen has 480 horizontal pixels and 800 vertical pixels, resulting in a total of 384,000 pixels."
Which was the second largest republic in the Soviet Union?,Kazakh Soviet Socialist Republic,"Question: Which was the second largest republic in the Soviet Union?
Answer: Kazakh Soviet Socialist Republic","The Soviet Union was a vast country with 15 republics.  The largest was the Russian Soviet Federative Socialist Republic (RSFSR), which encompassed most of the country.  The second largest was the Kazakh Soviet Socialist Republic."
What is the wingspan of Eugnosta misella in millimeters?,11-Sep,"Question: What is the wingspan of Eugnosta misella in millimeters?
Answer: 11-Sep 2023, 10:00 AM EDT
I am unable to provide specific measurements like wingspan for insects. 

Here's why:
* **Variability:** Wingspan can vary significantly within a species depending on factors like age, sex, and even individual variation. 
* **Lack of Real-Time Data:** I don't have access to live databases or research papers that would contain such specific measurements.

**How to Find the Information:**",
What profession did the father of Colombian mathematician and politician Sergio Fajardo Valderrama have?,Architect,"Question: What profession did the father of Colombian mathematician and politician Sergio Fajardo Valderrama have?
Answer: Architect",
"The 1972 Canadian federal budget was first presented on what day, month, and year?",8-May-72,"Question: The 1972 Canadian federal budget was first presented on what day, month, and year?
Answer: 8-May-72",
The Italian-made OTO-Melara Mod 56 pack howitzer had a barrel length of what in meters?,1.47,"Question: The Italian-made OTO-Melara Mod 56 pack howitzer had a barrel length of what in meters?
Answer: 1.47 meters 
 
Is this answer correct?",
In which year did Edward Meyrick first describe Cydalima mysteris?,1886,"Question: In which year did Edward Meyrick first describe Cydalima mysteris?
Answer: 1886

Explanation: 
Edward Meyrick, a British entomologist, first described Cydalima mysteris in 1886. This moth is a significant pest of cotton crops, causing significant damage.",
"On April 1, 1952, at which university did Hidegor√¥ Nakano become a professor?",Hokkaido University,"Question: On April 1, 1952, at which university did Hidegor√¥ Nakano become a professor?
Answer: Hokkaido University","Hidegor√¥ Nakano was a renowned Japanese physicist who made significant contributions to the field of nuclear physics. He became a professor at Hokkaido University on April 1, 1952."
"In 1993, Vaughan Jones was elected to which academy?", American Academy of Arts and Science.,"Question: In 1993, Vaughan Jones was elected to which academy?
Answer:  American Academy of Arts and Science.",Vaughan Jones was a prominent figure in the field of computer science and was elected to the American Academy of Arts and Sciences in 1993.
"Who was the production manager of ThunderCats, the science-fantasy animated television series that was released in 1985?",Masaki Iizuka,"Question: Who was the production manager of ThunderCats, the science-fantasy animated television series that was released in 1985?
Answer: Masaki Iizuka","Masaki Iizuka was the production manager for ThunderCats. He was responsible for overseeing the animation, story development, and overall production of the series."
How many years were Dr. Tony Evans and Lois Evans married?,49,"Question: How many years were Dr. Tony Evans and Lois Evans married?
Answer: 49 years.",Dr. Tony Evans and Lois Evans have been married for 49 years.
Who drew a map of 64 stars of the Pleiades from his observations in 1779 and then published it in 1786?,Edme-S√©bastien Jeaurat,"Question: Who drew a map of 64 stars of the Pleiades from his observations in 1779 and then published it in 1786?
Answer: Edme-S√©bastien Jeaurat",
Which Google Sheets function is specifically designed to convert a Unix epoch timestamp to a regular datetime in the UTC timezone?,EPOCHTODATE,"Question: Which Google Sheets function is specifically designed to convert a Unix epoch timestamp to a regular datetime in the UTC timezone?
Answer: EPOCHTODATE
Explanation: 
The `EPOCHTODATE` function in Google Sheets is specifically designed to convert a Unix epoch timestamp to a regular datetime in the UTC timezone. 

Here's how it works:

* **Input:** The function takes a single argument, which is the Unix epoch timestamp.
* **Output:** It returns a date and time value in the UTC timezone.

**Example:**

```
=EPOCHTODATE(16788864",
Which engineer received the Worcester Reed Warner Medal in 1951?,Jacob Pieter Den Hartog,"Question: Which engineer received the Worcester Reed Warner Medal in 1951?
Answer: Jacob Pieter Den Hartog",Jacob Pieter Den Hartog was a Dutch-American engineer who received the prestigious Worcester Reed Warner Medal in 1951. This award is given by the American Society of Mechanical Engineers (ASME) to recognize outstanding contributions to the field of engineering.
Who did Latrice Royale lip-sync against on Episode 9 of Season 4 of RPDR?,Dida Ritz,"Question: Who did Latrice Royale lip-sync against on Episode 9 of Season 4 of RPDR?
Answer: Dida Ritz 

Let me know if you'd like to play another round!",
"What day, month, and year was the Pradhan Mantri TB Mukt Bharat Abhiyaan Scheme launched in India?",9-Sep-22,"Question: What day, month, and year was the Pradhan Mantri TB Mukt Bharat Abhiyaan Scheme launched in India?
Answer: 9-Sep-22",
Who was the 8th Prime Minister of Nepal?,Jung Bahadur Rana,"Question: Who was the 8th Prime Minister of Nepal?
Answer: Jung Bahadur Rana",Jung Bahadur Rana was the 8th Prime Minister of Nepal. He served as Prime Minister from 1846 to 1856.
"In which month and year was Hakyung Lee, the mother of the children whose bodies were found in a suitcase in New Zealand, arrested in South Korea?",22-Sep,"Question: In which month and year was Hakyung Lee, the mother of the children whose bodies were found in a suitcase in New Zealand, arrested in South Korea?
Answer: Sep-22, 2023",Hakyung Lee was arrested in South Korea in September 2023.
The superfamily Nematocarcinoidea is part of what infraorder?,Caridea,"Question: The superfamily Nematocarcinoidea is part of what infraorder?
Answer: Caridea
Explanation: The superfamily Nematocarcinoidea is part of the infraorder **Caridea**. 

Here's why:

* **Nematocarcinoidea** are a group of marine crustaceans, specifically the sand crabs.
* **Caridea** is an infraorder within the decapod crustaceans, which includes crabs, lobsters, and shrimp. 

Therefore, Nematocarcinoidea is a sub-group of the infraorder Caridea.",
"How many shots did Inter attempt on target in the Champions League Final match between Bayern and Inter on May 23, 2010?",7,"Question: How many shots did Inter attempt on target in the Champions League Final match between Bayern and Inter on May 23, 2010?
Answer: 7","This is a bit of a trick question! While Inter did have a strong attacking performance in the Champions League Final, they only managed to get **7 shots on target** against Bayern Munich."
What is the name of the university in Nepal that was established in 2016 A.D. and is located in Lalitpur?,Nepal Open University,"Question: What is the name of the university in Nepal that was established in 2016 A.D. and is located in Lalitpur?
Answer: Nepal Open University (NOUN)",
On the banks of which river in Venezuela was the mission where botanist Pehr L√∂fling spent his final hours?,Caron√≠,"Question: On the banks of which river in Venezuela was the mission where botanist Pehr L√∂fling spent his final hours?
Answer: Caron√≠ River","Pehr L√∂fling, a Swedish botanist, was a prominent figure in the study of Venezuelan flora. He was known for his work on the flora of the Caron√≠ River region.  He died in 1827 at the mission of San Jos√© de la Laguna, located on the banks of the Caron√≠ River."
In which year was Dina Nath Walli (an Indian watercolor artist and poet from Srinagar city) born?,1908,"Question: In which year was Dina Nath Walli (an Indian watercolor artist and poet from Srinagar city) born?
Answer: 1908",
Who received the Oskar Kokoschka Prize in 1985?,Gerhard Richter,"Question: Who received the Oskar Kokoschka Prize in 1985?
Answer: Gerhard Richter","Gerhard Richter is a renowned German painter, photographer, and printmaker. He was awarded the Oskar Kokoschka Prize in 1985, a prestigious award recognizing outstanding contributions to the visual arts."
In what year did Tom Limoncelli and Christine Hogan win the LISA Outstanding Achievement Award from USENIX?,2005,"Question: In what year did Tom Limoncelli and Christine Hogan win the LISA Outstanding Achievement Award from USENIX?
Answer: 2005
Explanation: Tom Limoncelli and Christine Hogan won the LISA Outstanding Achievement Award from USENIX in 2005.",
"By whom was Rabab, a famous musical instrument, introduced in Kashmir?",Zain-ul-Abidin,"Question: By whom was Rabab, a famous musical instrument, introduced in Kashmir?
Answer: Zain-ul-Abidin, the 4th ruler of the Kashmir dynasty, introduced the Rabab in Kashmir.",
In what year did the biochemist Mildred Cohn receive the Golden Plate Award from the American Academy of Achievement?,1984,"Question: In what year did the biochemist Mildred Cohn receive the Golden Plate Award from the American Academy of Achievement?
Answer: 1984",
At what hospital did Communist politician Georgi Dimitrov die in 1949?, Barvikha sanatorium ,"Question: At what hospital did Communist politician Georgi Dimitrov die in 1949?
Answer:  Barvikha sanatorium","Georgi Dimitrov, a prominent figure in the Communist Party of Bulgaria, died in 1949 at the Barvikha sanatorium, a health resort in the Moscow region of Russia."
Which is the largest saltwater lake in India?,Chilika Lake,"Question: Which is the largest saltwater lake in India?
Answer: Chilika Lake","* **Chilika Lake** is the largest saltwater lake in India, located in the state of Odisha. 
* It is a Ramsar site, recognized for its biodiversity and ecological importance. 

Let me know if you have any other questions!"
Which year did Adil Hussain and Kristen Jain get married?,2007,"Question: Which year did Adil Hussain and Kristen Jain get married?
Answer: 2007",Adil Hussain and Kristen Jain got married in 2007.
In what patch did the item Mechanical Glove change to only apply its damage buff to melee weapons instead of all weapon types in Terraria?,1.2.3,"Question: In what patch did the item Mechanical Glove change to only apply its damage buff to melee weapons instead of all weapon types in Terraria?
Answer: 1.2.3.",The Mechanical Glove's damage buff was changed in Terraria 1.2.3. This patch introduced the specific requirement for the buff to only apply to melee weapons.
"In which year did Hossein Baharvand, an Iranian stem cell and developmental biologist, receive the Mustafa Prize?",2019,"Question: In which year did Hossein Baharvand, an Iranian stem cell and developmental biologist, receive the Mustafa Prize?
Answer: 2019",
